true,ours_shared_corrected,ours_native_corrected,ours_shared_n,ours_native_n
0.5,0.550786740179279,0.41962730891994554,99716,99716
0.75,0.8067120411871536,0.6527271517309652,101977,101977
1.0,0.9319598177792847,0.91607253955888,100960,100960
1.25,1.1474633268107761,1.1558864104995783,100376,100376
1.5,1.4158524056516553,1.419472290456179,100952,100952
1.75,1.6485438236821492,1.6568390475906254,101398,101398
2.0,1.8710538334155111,1.9030203963969627,101468,101468
2.2,1.9621188353218302,2.073697548906023,100503,100503
