{
  "recovered": [
    0.6997285786103482,
    0.8422716797182265,
    1.043939439920307,
    1.2419228458002507,
    1.4605929588698292,
    1.662638211233437,
    1.8376438152380326,
    1.9430063075383524
  ],
  "true": [
    0.5,
    0.75,
    1.0,
    1.25,
    1.5,
    1.75,
    2.0,
    2.2
  ],
  "kind": "interp"
}